
/*!40101 SET @OLD_CHARACTER_SET_CLIENT=@@CHARACTER_SET_CLIENT */;
/*!40101 SET @OLD_CHARACTER_SET_RESULTS=@@CHARACTER_SET_RESULTS */;
/*!40101 SET @OLD_COLLATION_CONNECTION=@@COLLATION_CONNECTION */;
/*!40101 SET NAMES utf8 */;
/*!40103 SET @OLD_TIME_ZONE=@@TIME_ZONE */;
/*!40103 SET TIME_ZONE='+00:00' */;
/*!40014 SET @OLD_UNIQUE_CHECKS=@@UNIQUE_CHECKS, UNIQUE_CHECKS=0 */;
/*!40014 SET @OLD_FOREIGN_KEY_CHECKS=@@FOREIGN_KEY_CHECKS, FOREIGN_KEY_CHECKS=0 */;
/*!40101 SET @OLD_SQL_MODE=@@SQL_MODE, SQL_MODE='NO_AUTO_VALUE_ON_ZERO' */;
/*!40111 SET @OLD_SQL_NOTES=@@SQL_NOTES, SQL_NOTES=0 */;

/*!40101 SET @saved_cs_client     = @@character_set_client */;
/*!40101 SET character_set_client = utf8 */;

INSERT INTO `apacs_pages` (`id`,`volume_id`,`unit_id`,`page_number`,`starbas_id`,`relative_filename_converted`,`found`,`image_url`,`s3_bucket`,`s3_key`) VALUES
    (145056,267,123,521,74716,'testfile.jpg',NULL,'http://www.kbhkilder.dk/getfile.php?fileId=145056','kbhkilder','10000'),
    (145057,267,123,522,74716,'testfile.jpg',NULL,'http://www.kbhkilder.dk/getfile.php?fileId=145057','kbhkilder','10000'),
    (145058,267,123,523,74716,'testfile.jpg',NULL,'http://www.kbhkilder.dk/getfile.php?fileId=145058','kbhkilder','10000'),
    (145059,267,123,524,74716,'testfile.jpg',NULL,'http://www.kbhkilder.dk/getfile.php?fileId=145059','kbhkilder','10000'),
    (145060,267,123,525,74716,'testfile.jpg',NULL,'http://www.kbhkilder.dk/getfile.php?fileId=145060','kbhkilder','10000'),
    (145061,267,123,526,74716,'testfile.jpg',NULL,'http://www.kbhkilder.dk/getfile.php?fileId=145061','kbhkilder','10000'),
    (145062,267,123,527,74716,'testfile.jpg',NULL,'http://www.kbhkilder.dk/getfile.php?fileId=145062','kbhkilder','10000'),
    (145063,267,123,528,74716,'testfile.jpg',NULL,'http://www.kbhkilder.dk/getfile.php?fileId=145063','kbhkilder','10000'),
    (145064,267,123,529,74716,'testfile.jpg',NULL,'http://www.kbhkilder.dk/getfile.php?fileId=145064','kbhkilder','10000'),
    (145065,267,123,530,74716,'testfile.jpg',NULL,'http://www.kbhkilder.dk/getfile.php?fileId=145065','kbhkilder','10000'),
    (145066,267,123,531,74716,'testfile.jpg',NULL,'http://www.kbhkilder.dk/getfile.php?fileId=145066','kbhkilder','10000'),
    (145067,267,123,532,74716,'testfile.jpg',NULL,'http://www.kbhkilder.dk/getfile.php?fileId=145067','kbhkilder','10000'),
    (145068,267,123,533,74716,'testfile.jpg',NULL,'http://www.kbhkilder.dk/getfile.php?fileId=145068','kbhkilder','10000');

INSERT INTO `apacs_tasks_pages` (`tasks_id`,`pages_id`,`units_id`,`is_done`) VALUES
    (1,145054,123,0),
    (1,145055,123,0),
    (1,145056,123,0),
    (1,145057,123,0),
    (1,145058,123,0),
    (1,145059,123,0),
    (1,145060,123,0),
    (1,145061,123,0),
    (1,145062,123,0),
    (1,145063,123,0),
    (1,145064,123,0),
    (1,145065,123,0),
    (1,145066,123,0),
    (1,145067,123,0),
    (1,145068,123,0);

INSERT INTO `burial_streets` (`id`, `streetAndHood`) VALUES 
('7084','Øxnevej'),
('4802','Oxford Allé'),
('8092','Saxtorphsvej'),
('8091','Saxhøjvej'),
('8084','Rughavevej'),
('8078','Remisevej'),
('8077','Rasmus Rasks Vej'),
('8076','Ramsingsvej'),
('9207','Øster VOLD'),
('8067','Peder Hjorts Vej'),
('8066','Parkstien'),
('8065','Parkbo'),
('8063','Panumsvej'),
('8062','Pakkerivej'),
('8059','Ottiliavej'),
('8058','Ole Borchs Vej'),
('8055','Nyvej (Valby)'),
('8053','Nygade (Valby)'),
('8048','Nakskovvej'),
('8047','Mølle Allé'),
('8045','Mosedalvej'),
('8037','Maribovej'),
('8036','Mansasvej'),
('8770','Hedemannsgade'),
('8023','Lille Ørstedsvej (Valby, indtil 1923)'),
('8011','Kløverbladsgade'),
('8008','Kirstinedalsvej'),
('8007','Kirsten Walthers Vej'),
('7998','Johan Krohns Vej'),
('7997','Jerusalemsvej'),
('7995','Jakob Knudsens Vej'),
('7994','J.P.E. Hartmanns Allé'),
('7993','Ib Schønbergs Allé'),
('8690','Blegdamsstræde'),
('7142','David Skolemesters Gård'),
('7936','Gammel Østengårds Parcelforening'),
('7935','Gammel Køge Landevej'),
('7934','Gammel Jernbanevold'),
('7933','Gammel Jernbanevej'),
('7931','Gaffelvej'),
('7930','Gadekærvej'),
('7380','Sankt Jørgens Gade (Indre By)'),
('7922','Fajancegade'),
('7913','Ebbe Rodes Allé'),
('7909','Danshøjvej'),
('7908','Danhavevej'),
('7907','Danhaven'),
('7906','Damsbo Vænge'),
('7905','Dalgas Allé'),
('7902','Christen Bergs Allé'),
('7901','Centerparken'),
('7900','Castbergsvej'),
('7899','Carlsbergvej),
('),
('7898','Carl Torps Vej'),
('7897','Carl Th. Dreyers Vej'),
('7896','Carl Langes Vej'),
('7895','Carl Jacobsens Vej'),
('7877','Bjerregårdsvej'),
('7876','Bjerregårds Sidevej'),
('7874','Bekkersgård Vænge'),
('7866','Axel Strøbyes Vej'),
('7865','August Wimmers Vej'),
('7864','Asylgade (Valby)'),
('7860','Annexstræde'),
('9443','Katrinedals jorder'),
('7857','Ågade'),
('7856','Åboulevard'),
('7855','Ørholmgade'),
('7854','Ølundsgade'),
('7853','Ægirsgade'),
('7852','Ydunsgade'),
('7851','Wesselsgade (Vesselsgade)'),
('7850','Vølundsgade'),
('7849','Vævergade'),
('7839','Rådmandsmarken-Vej fra Lyngbyvej til Rådmandsmarken (ca. 1862-1876)'),
('7836','Valkyriegade'),
('7835','Valhalsgade'),
('7834','Universitetsparken'),
('7833','Uffesgade'),
('7832','Udbygade'),
('7823','Thyrasgade'),
('7807','Dosseringen, ulige nr. (Sortedam Dossering, Østerbro Dossering)'),
('9244','C.K. Hansens Plads'),
('7778','Rosagade'),
('7777','Refsnæsgade'),
('7776','Ravnsborggade'),
('7775','Ravnsborg Tværgade'),
('7774','Rantzausgade'),
('7773','Ragnhildgade'),
('7772','Prinsesse Charlottes Gade'),
('7771','Prins Jørgens Gade'),
('7770','Poppelgade'),
('7769','Peter Fabers Gade'),
('7768','Dosseringen, lige nr. (Nørrebros Dossering, Peblinge Dossering)'),
('7767','Parcelvej'),
('7766','P.D. Løvs Allé'),
('7764','Ordrupsgade (Nørrebro)'),
('7763','Ole Maaløes Vej'),
('7762','Ole Jørgensens Gade'),
('7761','Odinsgade'),
('7760','Odins Tværgade'),
('7759','Nørrebrostræde'),
('7757','Nørrebrogade'),
('7755','Nørre Sideallé'),
('7754','Nørre Allé'),
('7749','Nordvestvej (Nørrebro)'),
('7748','Nordbanegade'),
('7746','Nannasgade'),
('7745','Møllegade'),
('7743','Murergade'),
('7739','Meinungsgade'),
('7738','Læssøesgade'),
('7736','Lyngbygade'),
('7735','Lygtevej'),
('7732','Lokesgade'),
('7731','Lille Guldbergsgade'),
('7730','Lille Fredensgade'),
('8832','Kuhlausgade'),
('7726','Ladegårdsvej'),
('7725','Krügersgade'),
('7724','Kronborggade'),
('8767','Harwichgade'),
('7721','Korsgade'),
('7720','Knudsgade (Nørrebro)'),
('7718','Kapelvej (Nørrebro)'),
('7716','Jægersborggade'),
('7715','Jægergade'),
('7713','Julius Bloms Gade'),
('7712','Jesper Brochmands Gade'),
('7711','Jagtvej'),
('7709','Hørsholmsgade'),
('7707','Husumgade'),
('7703','Holtegade'),
('7702','Hiort Lorenzens Gade (Hjort Lorenzens Gade)'),
('7697','Henrik Rungs Gade'),
('7694','Heinesgade'),
('7693','Heimdalsgade'),
('7692','Haraldsgade'),
('7684','Guldbergsgade'),
('7681','Griffenfeldsgade'),
('7680','Gormsgade'),
('7678','Gentoftegade (Nørrebro)'),
('7677','Gartnergade (Nørrebro)'),
('7675','Fælledvej'),
('7674','Fyensgade'),
('7673','Frejasgade'),
('7671','Frederik VII\'s Gade (Nørrebro)'),
('7670','Fredensvej (Nørrebro)'),
('7669','Fredensgade'),
('7668','Fredensborggade'),
('7663','Fiskergade'),
('7660','Farumgade'),
('7659','Fafnersgade'),
('7658','Ewaldsgade'),
('7657','Esromgade'),
('7655','Elmegade'),
('7654','Egegade'),
('7653','Edith Rodes Vej'),
('7652','Eddagården'),
('7650','Dagmarsgade (Nørrebro)'),
('7649','Charlottegade'),
('7647','Brohusgade'),
('7645','Bragesgade'),
('4996','Eliasgade'),
('7640','Blågårdsgade'),
('7637','Blågårds Plads'),
('7636','Blågårds Korsvej (Blågårds Korsgade)'),
('7635','Blågårds Brogade'),
('7634','Blegdamsvej (Blegdammen)'),
('7633','Bjelkes Allé'),
('7631','Birkegade'),
('7628','Bangertsgade'),
('7626','Baldersgade'),
('7625','Balders Plads'),
('7624','Baggesensgade'),
('7623','Bagergade'),
('7621','Asminderødgade'),
('7618','Allersgade'),
('7616','Alderstrøst Passage'),
('4837','Sefax Allé'),
('7613','Ahornsgade'),
('7612','Ahlmannsgade'),
('7610','Østre Teglkaj'),
('7609','Østre Teglgade'),
('7608','Wiinbladsgade'),
('7607','Wagnersvej'),
('7599','V.A. Borgens Vej'),
('4797','Otto Ruds Vej'),
('7561','Peter Sabroes Gade'),
('7560','Peter Holms Vej'),
('7559','P. Knudsens Gade'),
('7558','Otto Brandenburgs Vej'),
('7557','Oscar Pettifords Vej'),
('7556','Olivia Nielsens Gade'),
('7555','Offenbachsvej'),
('7553','Natalie Zahles Vej'),
('7552','Mozartsvej'),
('7551','Mozarts Plads'),
('7549','Mariavej'),
('7546','Kenny Drews Vej'),
('7545','K.M. Klausens Gade'),
('7544','Johan Kellers Vej'),
('7533','Hf. Frederikshøj (Wagnersvej)'),
('4598','Ejler Billes Allé'),
('8646','Ullerupgade'),
('7521','Gamle Vasbygade'),
('7514','Ernie Wilkins Vej'),
('7511','Enghavevej'),
('7509','Edvard Storms Vej'),
('7508','Dexter Gordons Vej'),
('7507','Damagervej'),
('7501','Ben Websters Vej'),
('7496','A.C. Meyers Vænge'),
('7495','Åbenrå'),
('7494','Østergade (Indre By)'),
('7493','Øster Voldgade'),
('7492','Øster Søgade'),
('7491','Øster Farimagsgade'),
('7490','Østbanegade'),
('7489','Zinnsgade'),
('7488','Willum Fiurens Gang'),
('7487','Wilhelm Marstrands Gade'),
('7486','Wiedeweltsgade'),
('7485','Webersgade'),
('7484','Voldmestergade'),
('7483','Vognmagergade'),
('7482','Visbygade'),
('4796','Otto Baches Allé'),
('7479','Vimmelskaftet'),
('7478','Vildandegade'),
('7476','Vestre Boulevard'),
('7475','Vestergade (Indre By)'),
('7473','Vesterbrogade'),
('7472','Vester Voldgade'),
('7469','Vendersgade'),
('7466','Ved Stranden'),
('7460','Vandkunsten'),
('7459','Valkendorfsgade'),
('7458','Upsalagade'),
('7457','Under Krystallen'),
('7456','Ulvegade'),
('7455','Ulkegade'),
('8685','Berggreensgade'),
('7441','Toldbodgade (Ny Toldbodgade)'),
('7434','Teglgårdstræde'),
('7429','Sølvgade'),
('7421','Studiestræde'),
('8764','Hammershusgade (Østerbro)'),
('9240','Adonisvej'),
('4543','Amagervej'),
('7454','Ulfeldts Plads'),
('7378','Sankt Annæ Plads (Garnisons Kirkeplads)'),
('7376','Rådhusstræde'),
('7375','Rådhuspladsen'),
('7374','Rørholmsgade'),
('7373','Rømersgade'),
('7372','Rævegade'),
('7371','Rysensteensgade'),
('7370','Rosengården'),
('7369','Rosengade'),
('7368','Rosenborggade'),
('7366','Rigensgade'),
('7365','Reverentsgade'),
('7363','Pustervig'),
('7360','Prinsensgade (Indre By)'),
('7354','Pistolstræde'),
('7352','Pilestræde'),
('7351','Peder Skrams Gade'),
('7350','Peder Madsens Gang'),
('7349','Peder Hvitfeldts Stræde'),
('7348','Palægade'),
('7347','Otto Mønsteds Plads'),
('7346','Otto Mønsteds Gade'),
('7345','Oslo Plads'),
('7344','Olof Palmes Gade'),
('7343','Olfert Fischers Gade'),
('7342','Ole Suhrs Gade'),
('7341','Nørretorv'),
('7340','Nørregade'),
('7339','Nørre Voldgade'),
('7338','Nørre Søgade'),
('7337','Nørre Farimagsgade'),
('7336','Nytorv'),
('7333','Nyhavn'),
('7332','Nygade (Indre By)'),
('7330','Nybrogade'),
('7329','Ny Østergade (Nyboder - udgået 1874)'),
('7328','Ny Østergade (oprettet ca. 1874)'),
('7326','Ny Vestergade (Indre By)'),
('7325','Ny Tøjhusgade (Indre By)'),
('7323','Ny Stormgade'),
('7322','Ny Kronprinsessegade'),
('7321','Ny Kongensgade'),
('7319','Ny Adelgade'),
('7318','Norgesgade (Indre By, indtil 1877)'),
('7316','Nordborggade'),
('7314','Nikolajgade'),
('7312','Niels Juels Gade'),
('7311','Niels Hemmingsens Gade'),
('7309','Nellikegade'),
('7308','Nansensgade'),
('7307','Naboløs'),
('7306','Møntergade'),
('7304','Mikkel Bryggers Gade'),
('7303','Meriansgade'),
('7300','Marstrandsgade'),
('7299','Mandalsgade'),
('7298','Malmøgade'),
('7297','Magstræde'),
('7296','Løvstræde'),
('7295','Løvegade'),
('7293','Løngangstræde'),
('7292','Læderstræde'),
('7291','Lundsgade'),
('7290','Lorentzensgade'),
('7289','Livjægergade'),
('7288','Lipkesgade'),
('7287','Linnésgade'),
('7286','Lille Strandstræde'),
('7285','Lille Regnegade'),
('7284','Lille Larsbjørnsstræde'),
('7283','Lille Købmagergade'),
('7282','Lille Kongensgade'),
('7281','Lille Kirkestræde'),
('7280','Lille Kannikestræde'),
('7279','Lille Helliggeiststræde'),
('7277','Lille Fiolstræde'),
('7276','Lille Farimagsgade'),
('7275','Lille Brøndstræde'),
('7274','Leopardlængen (Leopardgade)'),
('7273','Lavendelstræde'),
('7272','Lavendelgade'),
('7271','Larslejsstræde'),
('7269','Larsbjørnsstræde'),
('7264','Landemærket'),
('7263','Laksegade'),
('7262','Købmagergade'),
('7261','Kvæsthusgade'),
('7259','Kultorvet'),
('7258','Krystalgade'),
('7257','Krusemyntegade'),
('7256','Kronprinsessegade'),
('7255','Kronprinsensgade'),
('7254','Krokodillegade'),
('7252','Kristen Bernikowstræde'),
('7251','Kristen Bernikows Gade'),
('7250','Kongens Nytorv'),
('7249','Kompagnistræde'),
('7248','Kokkegade'),
('7247','Knabrostræde'),
('7246','Klædeboderne'),
('7245','Klosterstræde'),
('7244','Klerkegade'),
('7243','Klareboderne'),
('7240','Kattesundet'),
('7238','Kastelsvej'),
('7237','Kastellet (Citadellet Frederikshavn)'),
('7236','Kaninlængen'),
('7234','Kamelgade'),
('7231','Jernbanegade'),
('7230','Jens Kofods Gade'),
('7229','Jens Juels Gade'),
('7228','Jarmers Plads'),
('7227','J.A. Schwartz Gade'),
('7226','Israels Plads'),
('7225','Integade (Indre By)'),
('7224','Høyensgade'),
('7223','Højbro Plads'),
('7221','Hyskenstræde'),
('7220','Hvælvingen'),
('7219','Hummergade'),
('7218','Hovedvagtsgade'),
('7217','Hoppenslænge'),
('7216','Holmensgade'),
('7215','Holmens Kanal'),
('7213','Holbergsgade'),
('7212','Hjortelængen'),
('7211','Hjertensfrydsgade'),
('7209','Hindegade'),
('7208','Hestemøllestræde'),
('7207','Herluf Trolles Gade'),
('7205','Helsingørsgade'),
('7204','Heibergsgade'),
('7203','Havnegade'),
('7202','Hausergade'),
('7201','Hauser Plads'),
('7200','Haregade'),
('7194','Halmtorvet (Indre By, nedlagt 1893)'),
('7193','Halmstræde'),
('7192','Hallinsgade'),
('7190','H.C. Andersens Gade'),
('7188','Gåsegade (Indre By)'),
('7186','Gyldenløvesgade'),
('7185','Gråbrødretorv'),
('7184','Gråbrødrestræde'),
('7182','Grønnegade'),
('7181','Grønlandsgade (Indre By)'),
('7180','Gothersgade'),
('7179','Gernersgade'),
('7176','Gammelvagt'),
('7175','Gammeltorv'),
('7174','Gammeltoftsgade'),
('7173','Gammel Strand'),
('7172','Gammel Mønt'),
('7170','Gammel Farimagsvej'),
('7167','Frederiksholms Kanal'),
('7166','Frederiksgade'),
('7165','Frederiksborggade'),
('7164','Frederiksberggade'),
('7163','Fredericiagade'),
('7161','Fortunstræde'),
('7159','Fiolstræde (Indre By)'),
('7158','Filosofgangen (Indre By)'),
('7157','Farvergade'),
('7156','Farimagsvej'),
('7154','Enhjørningsgade'),
('7153','Elsdyrsgade'),
('7152','Elefantgade'),
('7151','Edvard Falcks Gade'),
('7150','Eckersbergsgade'),
('7149','Dyrkøb'),
('7148','Dybensgade'),
('7147','Dronningens Tværgade'),
('7145','Didrik Badskærs Gang'),
('7144','Diderich Fyhrens Gang'),
('7143','Delfingade'),
('8801','J.E. Ohlsens Gade'),
('7141','Dantes Plads'),
('7140','Dahlerupsgade'),
('7139','Dag Hammarskjölds Allé'),
('7138','Cort Adelers Gade'),
('7137','Collinsgade'),
('7135','Citadelsvej'),
('7133','Christiansgade'),
('7127','Christian IX\'s Gade'),
('7126','Christian IV\'s Bro'),
('7125','Charlotte Ammundsens Plads'),
('7123','Børsgade'),
('7120','Bryggerlængen'),
('7119','Brolæggerstræde'),
('7117','Bredgade'),
('7115','Borgergade'),
('7114','Boldhusgade'),
('7113','Blancogade'),
('7112','Bjørnegade'),
('7109','Bernstorffsgade'),
('7107','Bartholinsgade'),
('7106','Balsamgade'),
('7105','Bag Slottet'),
('7104','Bag Rådhuset'),
('7103','Bag Hovedvagten'),
('7102','Bag Børsen'),
('7101','Badstuestræde'),
('7100','Axeltorv'),
('7098','Asylgade (Indre By)'),
('7095','Antonigade'),
('7094','Antoniestræde'),
('7092','Amalienborg Slotsplads'),
('7091','Amaliegade'),
('7090','Amagertorv'),
('7089','Akademigade'),
('7088','Ahlefeldtsgade'),
('7087','Admiralgade'),
('7086','Adelgade'),
('7085','Abildgaardsgade'),
('8602','Petersens Passage'),
('7083','Østerkildevej'),
('7082','Østerbakken'),
('7081','Ørnekulsvej'),
('7080','Ørnegårdsvej'),
('7079','Øresundshøj'),
('7078','Ørehøj Allé'),
('7077','Øregårdsvænget'),
('7076','Øregårds Allé'),
('7075','Ærenprisvej'),
('7074','Zicavej'),
('7073','Zeuthens Allé'),
('7072','Wilhelm Smidts Vej'),
('7071','Wiehesvej'),
('7070','Wernersvej'),
('9078','Charlottenlund Stationsvej'),
('9435','Korkskærervej'),
('7034','Valeursvej'),
('7033','Valdemar Jensens Vej'),
('7032','Valbirkvej'),
('7031','Udsigten'),
('6956','Sophus Bauditz Vej'),
('9434','Winthers Badevej'),
('5346','Ålandsgade'),
('6874','Ravnekærsvej'),
('6873','Ranunkelvej'),
('6872','Rakelsvej'),
('9426','Hellerup By'),
('6870','Prinsesse Alexandrines Allé'),
('6868','Prins Axels Vej'),
('6862','Paul-Petersens Vej'),
('6861','Parkvænget'),
('6860','Parkovsvej'),
('6859','Ordrupvej'),
('6858','Ordruphøjvej'),
('6857','Ordrupgårdvej'),
('6856','Ordrupdalvej'),
('6855','Ordrup Vænge'),
('6854','Ordrup Jagtvej'),
('6853','Ordrup Have'),
('6852','Onsgårdsvej'),
('6851','Onsgårds Tværvej'),
('6850','Ole Olsens Allé'),
('6849','Ole Bruuns Vej'),
('6848','Olaf Poulsens Vej'),
('6834','Nellikevej'),
('4988','Delosvej'),
('6812','Marievej (Hellerup)'),
('6811','Mariebjergvej'),
('6810','Margrethevej (Gentofte)'),
('6809','Marediget'),
('6808','Mantziusvej'),
('6807','Maltevangen'),
('6806','Maltegårdsvej'),
('6805','Maglevænget'),
('6804','Maglemosevej'),
('6803','Maglegård Skolevej'),
('6780','L. E. Bruuns Vej'),
('9432','Bødkervej'),
('6732','Jægersborg Allé'),
('6725','Johannevej (Charlottenlund)'),
('6724','Jensløvsvej'),
('6723','Jensløvs Tværvej'),
('6722','Jens Lillelunds Vej'),
('6721','Jahnsensvej'),
('6720','Jacobsens Allé'),
('6719','Ingersvej'),
('6718','Ingeborgvej'),
('6717','Indelukket'),
('6716','Ibstrupvænget'),
('6715','Ibstrupvej'),
('6693','Holck Winterfeldts Allé'),
('6683','Henrik Hertz Vej'),
('6682','Henriettevej (Gentofte)'),
('6671','Havsgårdsvej (Gentofte)'),
('6647','Gladsaxevej (Gentofte)'),
('6642','Gentoftegade (Gentofte)'),
('6641','Gardes Allé'),
('6640','Garderhøjvej'),
('6639','Garderhøj Fort'),
('6638','Gammelmosevej'),
('6637','Gamlehave Allé'),
('6623','Fredensvej (Gentofte)'),
('6619','Fortunvej (Gentofte)'),
('6614','Femvejen'),
('6613','Fauerholm Allé'),
('6612','Fasanhaven'),
('6611','Fannys Allé'),
('6610','Fabritius Allé'),
('6609','Exnersvej'),
('6608','Ewaldsbakken'),
('5343','Østre Jernbane Allé'),
('6598','Enighedsvej (Gentofte)'),
('6593','Emilievej (Gentofte)'),
('4549','Azaleagangen'),
('6582','Ellebakken (Gentofte)'),
('6581','Ejgårdsvej'),
('6580','Ejgårdsparken'),
('6579','Ejgårds Tværvej'),
('6578','Eivindsvej'),
('6577','Einar Holbølls Vej'),
('6576','Eggersvej'),
('6575','Egetoften'),
('6574','Egehøjvej'),
('6573','Egebjerg Allé'),
('6572','Efterårsvej'),
('6571','Edlevej'),
('6570','Edlegave Allé'),
('6569','Edithsvej (Gentofte)'),
('6564','Duntzfeldts Allé'),
('6560','Dessaus Boulevard'),
('6559','Damtofte Søndre Stræde'),
('6558','Damtofte Nordre Stræde'),
('6557','Damgårdsvej'),
('6556','Dalvej'),
('6555','Dalsvinget'),
('6554','Dalstrøget'),
('6553','Dalsgaardsvej'),
('6552','Dalparken'),
('6551','Dahlénsstræde'),
('6550','Dagvej'),
('6547','Christiansvej (Gentofte)'),
('6540','Charlottenlundvej'),
('6539','Charlottenlund Stationsplads'),
('6538','Carolinevej (Gentofte)'),
('6537','Carl Baggers Allé'),
('6536','Callisensvej'),
('6535','C.V.E. Knuths Vej'),
('6534','C. L. Ibsens Vej'),
('9430','Halmtorvsgade'),
('6526','Broholms Allé (Gentofte)'),
('6520','Bregentved Allé (Gentofte)'),
('6503','Bernstorffsvej (Gentofte)'),
('6493','Baunegårdsvej'),
('6476','Alexandervej'),
('6474','Agertoften'),
('6473','Agavevej'),
('6472','Aftenbakken'),
('6471','Adolphsvej'),
('6470','A. N. Hansens Allé'),
('6467','Østre Fasanvej'),
('6466','Ørstedsgade (Frederiksberg, indtil 1864)'),
('6465','Ærøvej'),
('6464','Yrsavej'),
('6463','Yrsa Plads'),
('6462','Worsaaesvej'),
('6461','Winstrupsvej (Vinstrupsvej)'),
('6460','Wilkensvej'),
('6459','Wagners Allé'),
('6457','Vodroffsvej'),
('6454','Vodroffs Tværgade'),
('6452','Virginiavej'),
('6451','Vinkelvej (Frederiksberg)'),
('6442','Vagtelvej'),
('6441','V.E. Gamborgs Vej'),
('6440','Uraniavej'),
('6439','Tårnborgvej'),
('8675','Antwerpengade'),
('6425','Sylows Plads'),
('6424','Sylows Alle'),
('6420','Svanemosegårdsvej'),
('6410','Steenwinkelsvej'),
('6376','Roskildevej'),
('6374','Rolighedsvej (Frederiksberg)'),
('6373','Rolfsvej'),
('6371','Roarsvej'),
('6368','Regenburgsvej'),
('6367','Rathsacksvej'),
('6366','Randersvej'),
('6357','Platanvej'),
('6354','Pile Alle'),
('6352','Peter Graus Vej'),
('6351','Peter Bangs Vej'),
('6349','Pelargonievej'),
('6348','Paludan Müllers Vej'),
('6347','P.G. Ramms Alle'),
('6346','P. Andersens Vej'),
('6345','Osvald Helmuths Vej'),
('6344','Oscar Ellingers Vej'),
('6343','Orla Lehmanns Vej'),
('6342','Oluf Steenwinkels Vej'),
('6341','Odinsvej'),
('6340','O.V. Kjettinges Alle'),
('6339','Nyvej (Frederiksberg)'),
('6338','Nyelandsvej'),
('6332','Nordre Fasanvej'),
('6329','Nis Lorenzens Vej'),
('9428','Ordrup Krat'),
('6325','Niels Ebbesens Vej'),
('6323','Nandrupsvej'),
('6322','N.J. Fjords Alle'),
('6321','N. Jespersens Vej'),
('6320','N. Dalhoffs Vej'),
('6316','Mynstersvej'),
('6312','Mathildevej'),
('6309','Martensens Alle'),
('6308','Mariendalsvej'),
('6307','Marielystvej'),
('6306','Margrethevej (Frederiksberg)'),
('6305','Mandøvej'),
('6304','Malthe Bruuns Vej'),
('6303','Magnoliavej'),
('6302','Maglekildevej'),
('6301','Madvigs Alle'),
('6297','Lykkesholmsvej'),
('6296','Lykkesholms Alle'),
('6292','Lindevej'),
('6288','Lauritz Sørensens Vej'),
('6286','Langelandsvej'),
('6283','Lampevej'),
('6281','La Cours Vej'),
('6280','L.I. Brandes Alle'),
('6277','Kristian Zahrtmanns Plads'),
('6276','Kongensvej'),
('6274','Kong Georgs Vej'),
('6273','Kochsvej'),
('6267','Kastanievej (Frederiksberg)'),
('6265','Jyllandsvej'),
('6261','Johnstrups Alle'),
('6260','Johannevej (Frederiksberg)'),
('6259','Johannes V. Jensens Alle'),
('6258','Johan Ottosens Vej'),
('6257','Joakim Larsens Vej'),
('6256','Jernbanevej'),
('6255','Jernbanestien'),
('6254','Jernbanestationsvej'),
('6252','Jens Jessens Vej (Frederiksberg)'),
('6251','Jasminvej'),
('6250','Jakob Dannefærds Vej'),
('6249','Jacobys Alle'),
('6248','J.M. Thieles Vej'),
('6247','J.C. Schiødtes Vej'),
('6246','Ingemannsvej'),
('6245','Howitzvej'),
('7800','Skyttegade'),
('6229','Herluf Trolles Vej'),
('6227','Henrik Ibsens Vej'),
('6225','Henning Matzens Vej'),
('6224','Helgesvej'),
('6221','Haveselskabetsvej'),
('6219','Hauchsvej'),
('6217','Harsdorffsvej'),
('6216','Halls Alle'),
('6214','H.C. Ørsteds Vej'),
('6207','Grundtvigsvej'),
('6202','Godthåbsvej'),
('6196','Fuglevangsvej'),
('6191','Frydendalsvej'),
('6189','Frihedsvej (Frederiksberg)'),
('6188','Frederiksvej (Frederiksberg)'),
('6186','Frederiksberg Bredegade'),
('6182','Forhåbningsholms Alle'),
('6181','Forchhammersvej'),
('6180','Folkvarsvej'),
('6174','Femte Juni Plads'),
('6173','Fasanvej'),
('6172','Fanøvej'),
('6171','Falstersvej'),
('6170','Falkonervænget'),
('6169','Falkonergårdsvej'),
('6168','Falkoner Alle'),
('6167','Fabrikvej (Frederiksberg)'),
('6166','Ewaldsensvej'),
('6163','Enighedsvej (Frederiksberg)'),
('6162','Engtoftevej'),
('6161','Emilievej (Frederiksberg)'),
('6160','Emiliegade'),
('6155','Einer-Jensens Vænge'),
('6154','Egeskellet'),
('6153','Egernvej'),
('6152','Edvard Glæsels Vej'),
('6151','Edithsvej (Frederiksberg)'),
('6150','Edisonsvej'),
('6146','Dronningensvej'),
('6144','Dronning Olgas Vej'),
('6143','Dr. Priemes Vej'),
('6140','Dirch Passers Allé'),
('6138','Danmarksgade'),
('6137','Danasvej'),
('6136','Danas Plads'),
('6135','Dalgas Have'),
('6134','Dalgas Boulevard'),
('6132','Christian Winthers Vej'),
('6131','Christian Richardts Vej'),
('6130','Christian Paulsens Vej'),
('6129','Ceresvej'),
('6128','Carl Plougs Vej'),
('6127','Carl Feilbergs Vej'),
('6126','Carl Bernhards Vej'),
('6125','Carit Etlars Vej'),
('6124','Camilla Nielsens Vej'),
('6123','C.T. Barfoeds Vej'),
('6122','C.N. Petersens Vej'),
('6121','C.F. Richs Vej'),
('6119','Bülowsvej (Frederiksberg)'),
('9163','Vibevej (Gentofte)'),
('6104','Bille Brahes Vej'),
('6102','Bianco Lunos Alle'),
('6100','Bernstorffsvej (Frederiksberg)'),
('6096','Bentzonsvej'),
('6095','Bendzvej'),
('6094','Bakkegårds Alle'),
('6091','Azaleavej'),
('6087','Asgårdsvej'),
('7481','Vingårdstræde'),
('6083','Amicisvej'),
('6082','Amalievej'),
('6081','Allegade'),
('6080','Alhambravej'),
('6077','Agnetevej (Frederiksberg)'),
('6076','Adolph Steens Alle'),
('6075','Adilsvej'),
('6074','Acaciavej'),
('6073','A.D. Jørgensens Vej'),
('6072','William Wains Gade'),
('6071','Wildersgade'),
('6070','Wildersbro'),
('6069','Wilders Plads'),
('6062','Ved Sixtusbatteriet'),
('9465','Branddammen'),
('9063','Østmolen'),
('6042','Sofiegade'),
('6040','Refshaleøen'),
('6039','Refshalevej'),
('6038','Quintus'),
('6036','Prinsessegade (Christianshavn)'),
('6033','Per Knutzons Vej'),
('6032','P. Løwenørns Vej'),
('6031','Overgaden Oven Vandet'),
('6030','Overgaden Neden Vandet'),
('6029','Orlogsværftvej'),
('6017','Margretheholmsvej'),
('6013','Lille Torvegade'),
('6012','Lille Søndervoldstræde'),
('6008','Langebrogade'),
('5998','Johan Semps Gade'),
('5997','Islands Plads'),
('5989','Galionsvej'),
('5982','Fabriksområdet'),
('5981','Fabrikmestervej'),
('5977','Ekvipagemestervej'),
('5976','Eik Skaløes Plads'),
('5975','Dronningensgade'),
('5972','David Balfours Gade'),
('5971','Danneskiold-Samsøes Allé'),
('5969','Christianshavns Voldgade'),
('5968','Christianshavns Torv'),
('5967','Christianshavns Kanal'),
('5964','Bådsmandsstræde'),
('5963','Børnehustorv'),
('5962','Burmeistersgade'),
('5961','Brogade'),
('5960','Brobergsgade'),
('5957','Bodenhoffs Plads'),
('5956','Blå Karamel'),
('5950','Andreas Bjørns Gade'),
('5949','Amagergade'),
('5948','A.H. Vedels Plads'),
('5947','Åvendingen'),
('5946','Åkandevej'),
('5945','Ågerupvej'),
('5944','Åfløjen'),
('5943','Østerlågen'),
('5942','Øst for Utterslevvej'),
('5941','Ærtevej'),
('5940','Ærtebjergvej'),
('5939','Wilsonsvej (Brønshøj-Husum)'),
('5921','Valmuevej (Brønshøj-Husum)'),
('5920','Valløvej'),
('5919','Vallekildevej'),
('5918','Utterslevvej'),
('5917','Uggerløsevej'),
('5916','Uffes Allé'),
('5910','Tuxensvej'),
('5843','Peter Nansens Vej'),
('5842','Paxvej'),
('5841','Parkvej'),
('5840','Parkstykket'),
('5837','Parallelvej'),
('5836','Nøjsomhedsvej (Brønshøj-Husum)'),
('5827','Nebbegårdsbakken'),
('5826','Nebbegårds Allé'),
('5823','Møllevej (Brønshøj-Husum)'),
('5812','Marbjergvej'),
('5335','Ægyptensvej'),
('5774','Kagsvang'),
('5773','Kagsmosesti'),
('5772','Kagsløkkesti'),
('5771','Kagsløkke'),
('5770','Kagsbro'),
('5769','Kabbelejevej'),
('5765','Jeppe Aakjærs Vej'),
('5764','Islevhusvej'),
('5763','Islevholm'),
('5761','Islevmark (Islemark)'),
('5759','Irisvej'),
('5758','Håbets Allé'),
('5752','Høje Gladsaxe Vej'),
('5718','Hamlets Allé (Brønshøj-Husum)'),
('4858','Stjernevej (udgået 1909)'),
('5705','Georginevej (Brønshøj-Husum)'),
('5704','Gavlhusvej'),
('5703','Gaunøvej'),
('5702','Gamle Gadelandet'),
('5701','Gadstrupvej'),
('5700','Gadelandet'),
('5691','Faksingevej'),
('5689','Enigheds Allé'),
('5334','Æginavej'),
('5682','Egevangen'),
('5681','Edelsmindevej'),
('5676','Degnemose Allé'),
('5675','Dannevirke Allé'),
('5674','Danas Boulevard'),
('5673','Danas Allé'),
('5672','Dalvangen'),
('5671','Dalbyvej'),
('5670','Carlsvej'),
('5661','Brønshøjholms Allé'),
('5659','Brønshøjgade'),
('5651','Brønshøj'),
('5624','Bakkegårdsvej (Brønshøj-Husum)'),
('5621','Arnesvej'),
('5619','Arildsgård'),
('5615','Adils Allé'),
('5614','Abildvang'),
('5613','Abildhøj'),
('5610','Øst for Frederiksborgvej'),
('5609','Ørstedsvej (Bispebjerg, indtil 1930)'),
('5608','Ørnevej (Bispebjerg)'),
('5607','Ørevadsvej'),
('5598','Valdemarsvej (Bispebjerg)'),
('5597','Vagtmestervej'),
('5595','Utterslevhøjs Allé'),
('5594','Utterslevhøj Villaby'),
('5593','Utterslevgård'),
('5592','Utterslev Torv'),
('5591','Utterslev Mark'),
('5590','Utterslev'),
('5589','Uglevej'),
('9300','Utterslev By'),
('4817','Remisevej (Amager Vest)'),
('8659','Vesterfælledvej'),
('4539','Amagerbro'),
('9460','Artillerivejs Forlængelse'),
('5532','Rebslagervej'),
('5531','Ravneholmsvej'),
('5530','Ramløsevej'),
('5524','Plumsvej'),
('5523','Peter Rørdams Vej'),
('5521','Peter Ipsens Vej'),
('5520','Pernillevej'),
('5519','Perlestikkervej'),
('5518','Orgelbyggervej'),
('5517','Oldfuxvej'),
('5516','Oldermandsvej'),
('5512','Nattergalevej'),
('5500','Magistervej'),
('5499','Magdelonevej'),
('5498','Løve Allé'),
('5489','Louisevej'),
('5488','Lille Theklavej'),
('8864','Marstalsgade'),
('5471','Johansensvej'),
('5470','Jeppes Allé'),
('5469','Jensen Klints Plads'),
('5468','Jacob Lindbergs Vej'),
('5449','Hf. Kratz Minde (Lyngbyvej)'),
('5443','Hejrevej'),
('9459','Hf. Banely (Rovsingsgade/Ragnhildgade)'),
('5440','H.C. Jensens Vej'),
('9060','Østerfælled Torv'),
('5429','Glentevej'),
('5427','Gladsaxevej (Bispebjerg)'),
('5426','Georgsvej (Bispebjerg)'),
('5424','Gartnerivej'),
('5423','Gammel Renovationsvej'),
('5418','Frederiksvej (Bispebjerg)'),
('5417','Frederikssundsvej'),
('5416','Frederiksborgvej'),
('9462','Bakkehusene'),
('9461','Haraldsgades Forlængelse'),
('5411','Filosofgangen (Bispebjerg)'),
('5410','Falkevej'),
('9457','Lille Ryesgade'),
('9456','Hf. Birkevang (Mørkhøjvej)'),
('9452','Kildevældsgades Forlængelse'),
('9450','Blæsenborgvej'),
('9449','Hf. Bastiansminde (Røde Mellemvej)'),
('9448','Hf. 1. Maj (Klitmøllervej)'),
('9445','Lupinsti'),
('5394','Emdrup'),
('5392','Egebæksvej'),
('5391','Efterslægtsvej'),
('9438','Hf. Fiducia (Emdrupvej)'),
('5387','Degnestavnen'),
('5386','Danstrupvej'),
('5385','Dalmosevej'),
('5384','Dagmarsvej'),
('5383','Classensvej (Bispebjerg)'),
('5381','Christiansberg Allé'),
('5380','Charlotte Muncks Vej'),
('5379','Carolinevej (Bispebjerg)'),
('5378','C.J. Frandsens Vej'),
('5377','C.J. Brandts Vej'),
('9425','Hf. Borgervænget (ved Svanemøllen)'),
('9424','Markvejen ved Tagenshus'),
('9423','Paa Blegdammen'),
('9422','Vigerslev By'),
('9421','2. Tværgade ved Ågade'),
('9419','Vangede By'),
('9418','Hf. Birkevang (Husum)'),
('9417','Gentofte By'),
('9415','KUN SUPERBRUGER *Kan ikke verificeres'),
('9412','Vej langs Kjærlighedsstien'),
('9411','Grysagervej'),
('9410','Klædebo Parkallé'),
('9409','Arildsgårdvej'),
('9407','Aalykkes Passage'),
('9406','Istedgades Kirkeplads'),
('5355','Bispebjergvej'),
('9220','*Uangivet/ukendt/uoplyst'),
('8585','Lundbyesgade'),
('5347','Alexandravej'),
('9395','Jægersborg'),
('9394','Klampenborg'),
('5344','Østre Mellemvej'),
('9392','Bag Søndermarken (Frederiksberg, indtil  ca.1900)'),
('5342','Østergade (Amager Øst)'),
('5341','Ørnevej (Amager Øst)'),
('5340','Øresundsvej'),
('5339','Øresundsstien'),
('5338','Øresunds Sidevej'),
('5337','Øresund Parkvej'),
('5336','Ætnavej'),
('9384','Utterslev Mose'),
('9383','København'),
('5333','Zibrandtsvej'),
('5332','Yderlandsvej'),
('5331','X-Vej'),
('5330','Woltersgade'),
('5329','Wittenberggade'),
('5328','Willumsvej'),
('5327','Wibrandtsvej'),
('5326','Weimargade'),
('5325','Wartburggade'),
('5132','Kraingade'),
('9369','Vestre Jernbane Allé'),
('9368','Ny Gade ved W. Løwes Handelsgartneri'),
('5318','Venusvej'),
('8664','A.F. Kriegers Vej'),
('9360','Wibrechts Allé'),
('5310','Valhals Allé'),
('5309','Valdemarsgade (Amager Øst)'),
('5308','U-Vej'),
('5307','Uralvej'),
('5306','Uplandsgade'),
('5305','Ungarnsgade'),
('9353','Ubenævnt Gade ved Wessel og Vetts Fabrikker'),
('9348','Parcelforeningen Hastruplund'),
('9345','Dahlbergsvej'),
('9343','Axvej'),
('9338','Parcelforeningen Søholm (Sæbyholmsvej)'),
('9337','Markhøjvej'),
('9326','Charlottenlundsgade'),
('9319','Kajgade'),
('9318','Jarmersgade'),
('9308','Malopevej'),
('9307','Islevhøj'),
('9303','Gaunø Allé'),
('5251','Sixtusvej'),
('8584','Liva Weels Plads'),
('9294','Glasgow Allé'),
('5241','Rønne Allé (Amager Øst)'),
('5239','Ryesgade (Amager Øst)'),
('5231','Rodosvej'),
('5228','Regitsevej'),
('5227','Reberbanegade'),
('5226','Ravennavej'),
('5225','Randlevvej'),
('5224','Ramundsvej'),
('5223','Raffinaderivej'),
('5222','P-Vej'),
('5216','Portugalsgade'),
('5214','Pommernsgade'),
('5210','Persiensvej'),
('5209','Per Døvers Vej'),
('5208','Peitersvej'),
('5207','Parosvej'),
('5206','Parnasvej'),
('5205','Parmagade'),
('5204','Pallesvej'),
('5203','Palermovej'),
('5202','Paduavej'),
('5201','O-Vej'),
('5200','Olymposvej'),
('5199','Oliehavnsbroen'),
('5198','Oliegrensgade'),
('5197','Oliebladsgade'),
('5196','Oldenborggade'),
('5195','Obdams Allé'),
('5193','N-Vej'),
('5192','Normandigade'),
('5191','Nordre Røse Vej'),
('5187','Neapelvej'),
('5186','M-Vej'),
('5184','Murciagade'),
('9232','Århusgades Forlængelse'),
('5181','Minorkagade'),
('9226','Nygade (Amager Vest)'),
('9225','Lille Jagtvej'),
('5174','Meklenborggade'),
('9222','Lille Amagergade'),
('9221','Under Børsen'),
('5171','Marengovej'),
('9219','Nybørs'),
('5169','Mantuavej'),
('5168','Maltagade'),
('5167','Malakkavej (Amager Øst)'),
('5166','Lyongade'),
('9214','Amager'),
('9213','Vesterbro'),
('9210','Charlottenlund'),
('9209','Nørrebro'),
('9208','Østerbro'),
('5158','Lombardigade'),
('9206','Vester VOLD'),
('9205','Nørre VOLD'),
('9203','Islev'),
('9201','Ordrup'),
('5170','Marathonvej'),
('9196','Vanløse'),
('9194','Valby'),
('9193','Hellerup'),
('9191','Uden bopæl (Ingen bopæl, Uden fast bopæl)'),
('9190','Øster Fælled'),
('5140','Køhlertsvej'),
('5138','K-Vej'),
('9186','Frederiksberg'),
('9185','Gentofte'),
('9181','Nordvestvej (Gentofte)'),
('9218','Blågårds Dossering'),
('5120','Kløvermarksvej'),
('5118','Kirkegårdsvej'),
('9165','Østerbyvej'),
('9164','Vinkelvej (Gentofte)'),
('5114','Kastrupvej'),
('9161','Valdemarsvej (Gentofte)'),
('9160','Valborgvej'),
('5110','Kaldæavej'),
('5108','Jollevej'),
('5107','Jenagade'),
('5106','Jemtelandsgade'),
('5105','Javavej'),
('5104','Japanvej'),
('5103','Jansvej'),
('5102','Jacobsgade'),
('5101','Jacob Holms Gade'),
('5100','Italiensvej'),
('5099','Irmelinvej'),
('5098','Iranvej'),
('5097','Integade (Amager Øst)'),
('9141','Rolighedsvej (Gentofte)'),
('9140','Rolighedsstræde (Gentofte)'),
('9137','Pileallé (Gentofte)'),
('9136','Pades Sti'),
('9134','Ole Suhrsvej (Gentofte)'),
('9127','Nebrogade'),
('9125','Marievej (Charlottenlund)'),
('9124','Malterivej'),
('9123','Maglegårdsvej'),
('9114','Kastanievej (Gentofte)'),
('9112','Kapelvej (Gentofte)'),
('9110','Johannevej (Hellerup)'),
('9109','Jernbanevej (Gentofte)'),
('9108','Jernbanevej (Charlottenlund)'),
('9107','Jagtvejen (Gentofte)'),
('9106','Jacobsvej'),
('9104','Henriksvej (Gentofte)'),
('9099','Godthåbsvej (Gentofte)'),
('9097','Georgsvej (Gentofte)'),
('9092','Gammel Vartov Vej (Gentofte)'),
('5042','Hessensgade'),
('9090','Fengersvej (Gentofte)'),
('9089','Fabrikvej (Gentofte)'),
('4930','Æblestien'),
('9086','Eleanorsvej'),
('9085','Eigårdsgade'),
('9084','Eigårds Tværgade'),
('9083','Dalgasvej'),
('5032','Hannovergade'),
('5031','Halgreensgade'),
('9079','Charlottenlund Østre Stationsvej'),
('5029','G-Vej'),
('9077','Bülows Allé'),
('5021','Geislersgade'),
('5020','Gartnergade (Amager Øst)'),
('9067','Abildgaardvej'),
('9066','Århusgade'),
('9065','Århus Plads'),
('9064','Ålborggade'),
('5014','Frederik VII\'s Gade (Amager Øst)'),
('9062','Østersøvej'),
('9061','Østerled'),
('5011','Frankrigsgade'),
('9059','Østerbrogade'),
('9058','Øster Allé (Østerbro)'),
('9056','Øresundsgade'),
('9055','Æbeløgade'),
('9054','Zionsvej'),
('9053','Ystadgade'),
('5003','Fischersgade'),
('9051','Weysesgade'),
('9050','Wedelsborgsgade'),
('9046','Victor Bendix Gade'),
('9045','Viborggade'),
('4995','Elbagade (Amager Øst)'),
('4994','Ege Allé'),
('4991','Drogdensgade'),
('9037','Vennemindevej'),
('4987','Dalslandsgade'),
('4986','Dagmarsgade (Amager Øst)'),
('4985','Cypernsvej'),
('4984','C-Vej'),
('4983','Cumberlandsgade'),
('4981','Christian Sylows Allé'),
('4980','Christian Svendsens Gade'),
('4979','Ceylonvej'),
('4978','Carlsgade'),
('4977','Carl Lunds Gade'),
('4976','Caprivej'),
('4975','Bøhmensgade'),
('9023','Vardegade'),
('4973','B-Vej'),
('9021','Valdemar Holmers Gade'),
('9020','Urbansgade'),
('9019','Unicef Plads'),
('9018','Ulvsundvej'),
('4958','Badensgade'),
('4957','Backersvej'),
('4956','Backers Allé'),
('4955','Augustagade'),
('4950','Amagerbrogade'),
('4940','Ahrensberggade'),
('4936','Adriansvej'),
('4935','Østerdalsgade'),
('4934','Øselsgade'),
('4933','Ørestads Boulevard'),
('4932','Ølandsgade'),
('4931','Ærtelandsvej'),
('8819','Kildevældsgade'),
('4929','Zibrandts Allé'),
('4928','Yorks Allé'),
('4927','Windsorvej'),
('4926','Wilsonsvej (Amager Vest)'),
('4925','Willemoesstræde'),
('4924','Wibrandts Allé'),
('4923','Weidekampsgade'),
('4922','Walesgade'),
('4912','Vestergade (Amager Vest)'),
('8660','Viktoriagade'),
('8952','Sassnitzgade'),
('4901','van Dycks Allé'),
('4900','Valmuevej (Amager Vest)'),
('4899','Urmagerstien'),
('4898','Under Elmene'),
('4897','Ulvefodvej'),
('4896','Ulrik Birchs Allé'),
('4895','Ullersallé'),
('4887','Torben Oxes Allé'),
('8931','Rosenvængets Sideallé'),
('8930','Rosenvængets Parallelvej'),
('8929','Rosenvængets Hovedvej'),
('8928','Rosenvængets Allé (Rosenvænget)'),
('8925','Rosenvej (Østerbro)'),
('8924','Rosendalsvej'),
('8922','Rosendals Tværgade'),
('8919','Ringstedgade'),
('8916','Ribegade'),
('8915','Reersøgade'),
('8914','Rebekkavej'),
('8913','Randersgade'),
('8912','Ragnagade'),
('8911','Præstøgade'),
('8908','Petersborgvej'),
('8907','Per Henrik Lings Allé'),
('8906','Pakhusvej'),
('8905','Pakhuskaj'),
('8902','Otto Mallings Gade'),
('8901','Orientkaj'),
('8900','Orient Plads'),
('8899','Omøgade'),
('8898','Olufsvej'),
('8897','Oliemøllegade'),
('8896','Ole Nielsens Vej'),
('8895','Ole Bulls Gade'),
('8894','Odensegade'),
('8893','Oceanvej'),
('8892','Oceankaj'),
('8890','Nøjsomhedsvej (Østerbro)'),
('8888','Nygårdsvej'),
('8887','Nygårds Tværvej'),
('8886','Nygårds Sidevej'),
('8885','Nyborggade'),
('4835','Rågårdsstræde'),
('8883','Ny Blegdamsvej'),
('8880','Nordre Frihavnsvej'),
('8879','Nordre Frihavnsgade'),
('8874','Niels W. Gades Gade'),
('8869','Melchiors Plads'),
('8868','Max Müllers Vej'),
('8866','Marthagade'),
('4815','Regnar Lodbrogs Allé'),
('4814','Radisevej'),
('8861','Mariehamngade'),
('8860','Mariegade'),
('8859','Manøgade'),
('8858','Major Anders Lassens Vej'),
('8857','Løgstørgade'),
('8856','Lyngbyvej'),
('4806','Peder Skrivers Sti'),
('4805','Peder Lykkes Vej'),
('4804','Palnatokes Allé'),
('4803','Oxford Have'),
('8851','Livjæger Allé'),
('8846','Lille Marstrandsvej'),
('8845','Lille Blegdamsvej (Østerbro)'),
('4795','Oliefabriksvej'),
('4794','Oldensti'),
('4793','Odins Allé'),
('4791','Ny Vestergade (Amager Vest)'),
('4789','Norgesgade (Amager Vest)'),
('7641','Blågårdsvej'),
('8834','Landskronagade'),
('8833','Landskrona Tværgade'),
('4783','Njalsgade'),
('8831','Kroghsgade'),
('4781','Nebraskavej'),
('8825','Koldinggade'),
('4774','Margueritvej'),
('4773','Manillavej'),
('4772','Malakkavej (Amager Vest)'),
('4771','Majrosevej'),
('4770','Majporten'),
('8813','Kalkbrænderivej'),
('8811','Kalkbrænderihavnsgade'),
('4760','Lille Nygade'),
('4759','Liflandsgade'),
('8806','Johan Svendsens Vej'),
('8805','Jens Munks Gade'),
('8804','Jellingegade'),
('8802','Jacob Erlandsens Gade'),
('4752','Kurlandsgade'),
('8800','Irmingersgade'),
('8799','Industrivej'),
('8798','Indiavej'),
('8797','Indiakaj'),
('8796','Idrætsalleen'),
('8795','I. E. Ohlsens Gade'),
('4737','Karen Blixens Vej'),
('4731','Kaktusvej'),
('4730','Kaj Munks Vej'),
('4728','Johannes Bergs Allé'),
('4727','Jens Warmings Vej'),
('4726','Jens Otto Krags Gade'),
('4725','Jasmin Allé'),
('4724','Jadegangen'),
('4723','Jacob Petersens Allé'),
('4722','J.H. Deuntzers Gade'),
('4721','J.C. Christensens Gade'),
('4720','Islandsgade'),
('4719','Islands Brygge'),
('4718','Isbrandts Allé'),
('4717','Isafjordsgade'),
('4716','Irlandsvej'),
('4715','Ingolfs Allé'),
('4714','Ilfordvej'),
('8761','H.P. Ørums Gade'),
('8760','H.C. Lumbyes Gade'),
('8756','Grenågade'),
('8749','Gdanskgade'),
('8748','Gammel Vartov Vej (Østerbro)'),
('8747','Gammel Kalkbrænderi Vej'),
('8743','Frijsenborg Allé'),
('8733','Fortunas Tværgade'),
('8729','Fengersvej (Østerbro)'),
('8728','Fanøgade'),
('8727','Faksegade'),
('8726','Fakse Tværgade'),
('8725','F.F. Ulriks Gade'),
('8724','Esthersvej'),
('8722','Esbjerggade'),
('8719','Elbagade (Østerbro, indtil 1892)'),
('8718','Ehlersvej'),
('8717','Edvard Griegs Gade'),
('8716','Edel Sauntes Allé'),
('8715','Dunkerquegade'),
('8712','Dampfærgevej'),
('8709','Classensvej (Østerbro)'),
('8708','Classensgade'),
('8706','Carl Nielsens Allé'),
('8705','Carl Johans Gade'),
('8704','Capellakaj'),
('8702','Calaisgade'),
('4649','Hallandsgade'),
('8694','Bordeauxgade'),
('8692','Bogensegade'),
('4641','Gunløgsgade'),
('4639','Gullandsgade'),
('4636','Grønlandsgade (Amager Vest)'),
('8681','Batterivej'),
('8679','Australiensvej'),
('4628','Georgsgade (Amager Vest, indtil 1901)'),
('4626','Gammelgang'),
('4625','Gammel Tingvej'),
('8671','Aldersrogade'),
('8670','Aggersborggade'),
('8669','Agersøgade'),
('8668','Adolphsensgade'),
('8667','Adelersborggade'),
('8666','Aberdeengade'),
('8665','A.L. Drewsens Vej'),
('4615','Fredensvej (Amager Vest)'),
('8663','A.F. Ibsens Vej'),
('8662','Westend'),
('8661','Værnedamsvej'),
('4611','Fiolstræde (Amager Vest)'),
('4610','Finlandsgade'),
('8658','Vesterfælled Møllevej (Amerika Møllevej)'),
('4608','Femkløvervej'),
('4602','Englandsvej'),
('8648','Valdemarsgade (Vesterbro)'),
('8647','Valby Langgade'),
('4597','Egilsgade'),
('4596','Edvard Thomsens Vej'),
('4595','Ebertsgade'),
('4588','Digevej'),
('4587','Diamantgangen'),
('4586','Derbyvej'),
('4585','Den Bedækkede Vej'),
('4584','Dannebrogsgade (Amager Vest)'),
('4583','Dalføret'),
('4582','Dagøgade'),
('4579','Christian II\'s Plads'),
('4578','Christian II\'s Allé'),
('4577','Christian Hansens Allé'),
('4575','Center Boulevard'),
('4574','Cedergangen'),
('4573','Carl Th. Zahles Gade'),
('4572','C.F. Møllers Allé'),
('4571','Bülowsvej (Amager Vest)'),
('8617','Skydebanegade'),
('4563','Brigadevej'),
('8608','Reverdilsgade'),
('8607','Reventlowsgade'),
('8606','Revalsgade'),
('8604','Rahbeks Allé'),
('4807','Persillevej'),
('8855','Lundingsgade'),
('8601','Pasteursvej'),
('8600','Palnatokesgade'),
('8599','Otto Krabbes Plads'),
('8598','Otto Busses Vej'),
('8597','Ottilia Jacobsens Plads'),
('8596','Onkel Dannys Plads'),
('8595','Olivia Hansens Gade'),
('8594','Oehlenschlægersgade'),
('8592','Ny Carlsberg Vej'),
('8590','Mysundegade'),
('8589','Matthæusgade'),
('8588','Maria Kirkeplads'),
('8587','Malttorvet'),
('4536','Agerlandsvej'),
('4535','Agerbo'),
('4534','Absalonsgade (Amager Vest)'),
('8582','Lille Istedgade'),
('8581','Lille Frydsvej'),
('8580','Lille Enghavevej'),
('8579','Lille Dannebrogsgade'),
('8578','Lille Colbjørnsensgade'),
('8575','Lagergade'),
('8574','Kaalundsgade'),
('8571','Küchlersgade'),
('8570','Kvægtorvsgade'),
('8569','Kvægtorvet'),
('9215','Gammel Amagertorv'),
('8564','Kongshøjgade'),
('8563','Knudsgade (Vesterbro)'),
('8561','Kingosgade'),
('8553','Johanne Møllers Pas.'),
('8552','Jerichausgade'),
('8551','J.C. Jacobsens Gade'),
('8550','Istedgade'),
('8549','Ingerslevsgade'),
('8546','Helgolandsgade'),
('8544','Hedebygade'),
('8542','Hartmannsgade (Vesterbro)'),
('8540','Halmtorvet (Vesterbro)'),
('8539','Haderslevgade'),
('8537','Gråstensgade'),
('8536','Godsbanegade'),
('8535','Gasværksvej (Gasvej)'),
('8534','Gasværkshavnen'),
('8533','Gammel Kongevej'),
('8532','Gamle Carlsberg Vej'),
('8531','Frydsvej'),
('8529','Freundsgade'),
('8528','Frederiksstadsgade'),
('8527','Frederiksberg Allé'),
('8524','Flensborggade'),
('8519','Estlandsgade'),
('8518','Eskildsgade'),
('8517','Esbern Snares Gade'),
('8516','Ernst Meyers Gade'),
('8515','Eriksgade'),
('8513','Enghave Plads'),
('8509','Ejderstedgade'),
('8508','Dybbølsgade'),
('8506','Dannevirkegade'),
('8505','Dannebrogsgade (Vesterbro)'),
('8504','Dannebrogs Tværgade'),
('8502','Colbjørnsensgade'),
('8501','Carstensgade'),
('8500','Carsten Niebuhrs Gade'),
('8495','Brorsonsgade'),
('8494','Broagergade'),
('8493','Boyesgade'),
('8489','Bissensgade'),
('8486','Banegårdspladsen'),
('8484','Bakkegårdsvej (Vesterbro)'),
('8483','Bagerstræde'),
('8482','Bag Elefanterne'),
('8481','Badevej'),
('8480','Asger Rygs Gade'),
('8478','Arkonagade'),
('8476','Amerikavej'),
('8474','Absalonsgade (Vesterbro)'),
('8473','Abel Cathrines Gade'),
('8472','Åløkkevej'),
('8471','Ålekistevej'),
('8470','Ådalsvej'),
('8469','Åbjergvej'),
('8468','Åbakkevej'),
('8467','Ørhagevej'),
('8466','Æblevej'),
('9052','Willemoesgade'),
('8444','Valnøddevej'),
('8421','Søgårdsvej (Vanløse)'),
('4548','Axel Heides Gade'),
('8381','Rebildvej'),
('8380','Raunstrupvej'),
('8379','Randbølvej'),
('8378','Rabarbervej'),
('8375','Ofeavej'),
('8374','Oehlenschlægers Allé'),
('8373','Nørre Allé (Vanløse)'),
('9436','Hf. Engvang (Englandsvej)'),
('8364','Nedertoften'),
('8353','Marie Grubbes Vej'),
('8352','Marie Christensens Plads'),
('8351','Mandelvej'),
('8341','Linde Allé (Vanløse)'),
('8773','Helsingborggade'),
('8330','L.M. Lauritzens Vej'),
('8315','Kastanie Allé (Vanløse)'),
('8313','K. Zahrtmanns Vej'),
('8307','Jernbane Allé'),
('8306','Indertoften'),
('5161','L-Vej'),
('5345','Østrigsgade'),
('8256','Godthåbs Allé (Vanløse)'),
('8251','Gammel Vanløsevej'),
('8237','Ewalds Allé'),
('7383','Sankt Peders Stræde'),
('8772','Helgesensgade'),
('8230','Egholmvej'),
('8229','Egemarkevej'),
('8228','Egelykkevej'),
('8221','Dannebrogs Allé'),
('8220','Damstien'),
('8219','Damhusdæmningen'),
('8218','Dalskovs Allé'),
('8216','Charlotte Biehls Vej'),
('9367','Wedelsborg Allé'),
('8200','Bogholder Allé'),
('8198','Blåbærvej'),
('8180','Aggersvoldvej'),
('8179','Abrikosvej'),
('8178','A.F. Beyers Vej'),
('8176','Ålstrupvej'),
('8175','Ålholmvej'),
('8174','Ålholm Plads'),
('8173','Åhaven'),
('8172','Østerlæ'),
('8171','Østergårds Allé'),
('8170','Øster Allé (Valby)'),
('8169','Æblehaven'),
('8158','Vigerslev'),
('8156','Vestre Allé'),
('5001','Fehmernsgade'),
('8149','Valhøjvej'),
('8148','Valgårdsvej'),
('8147','Valbyholm'),
('8146','Valbygårdsvej'),
('8145','Valby Torvegade'),
('8144','Valby Tingsted'),
('8143','Valby Mose'),
('8142','Valby Maskinfabriksvej'),
('8140','Valby Kirkevej'),
('8139','Valby Fælled'),
('8138','Valborg Allé'),
('8137','Urtehaven'),
('8136','Ulriksdalvej'),
('8771','Heisesgade'),
('8127','Toftegårds Allé'),
('8612','Saxogade');


/*!40101 SET character_set_client = @saved_cs_client */;

/*!40103 SET TIME_ZONE=@OLD_TIME_ZONE */;

/*!40101 SET SQL_MODE=@OLD_SQL_MODE */;
/*!40014 SET FOREIGN_KEY_CHECKS=@OLD_FOREIGN_KEY_CHECKS */;
/*!40014 SET UNIQUE_CHECKS=@OLD_UNIQUE_CHECKS */;
/*!40101 SET CHARACTER_SET_CLIENT=@OLD_CHARACTER_SET_CLIENT */;
/*!40101 SET CHARACTER_SET_RESULTS=@OLD_CHARACTER_SET_RESULTS */;
/*!40101 SET COLLATION_CONNECTION=@OLD_COLLATION_CONNECTION */;
/*!40111 SET SQL_NOTES=@OLD_SQL_NOTES */;